paper_id,l1_method,l2_method,l1_similarity,l2_similarity
1203,"Empirical and Econometric Methods; Computational, Data Science, and Machine Learning; Theoretical and Formal Modeling; Experimental Methods; Qualitative, Descriptive, and Mixed Methods",Panel Data and Fixed Effects; Difference-in-Differences (DiD) & Event Studies; Instrumental Variables (IV) & Shift-Share Designs; Regression Discontinuity Design (RDD); Structural & Advanced Econometrics; Natural Language Processing (NLP) & Text Analysis; Machine Learning Predictors & Regularization; Network & Spatial Analysis; Game Theory & Mechanism Design; Behavioral & Cognitive Modeling; Macroeconomic & Spatial Equilibrium; Field Experiments / RCTs; Laboratory & Online Experiments; Survey & Conjoint Experiments; Archival Research & Case Studies; Interviews; Literature Reviews & Aggregation,0.904; 0.8418; 0.8581; 0.8786; 0.8742,0.9049; 0.8947; 0.9053; 0.9136; 0.8891; 0.8398; 0.8626; 0.8622; 0.8387; 0.8653; 0.8586; 0.8938; 0.8383; 0.8603; 0.8658; 0.8684; 0.8886
1220,"Empirical and Econometric Methods; Computational, Data Science, and Machine Learning; Theoretical and Formal Modeling; Experimental Methods; Qualitative, Descriptive, and Mixed Methods",Panel Data and Fixed Effects; Difference-in-Differences (DiD) & Event Studies; Instrumental Variables (IV) & Shift-Share Designs; Regression Discontinuity Design (RDD); Structural & Advanced Econometrics; Natural Language Processing (NLP) & Text Analysis; Machine Learning Predictors & Regularization; Network & Spatial Analysis; Game Theory & Mechanism Design; Behavioral & Cognitive Modeling; Macroeconomic & Spatial Equilibrium; Field Experiments / RCTs; Laboratory & Online Experiments; Survey & Conjoint Experiments; Archival Research & Case Studies; Interviews; Literature Reviews & Aggregation,0.8936; 0.8308; 0.897; 0.8858; 0.8929,0.8613; 0.8696; 0.8846; 0.8892; 0.8727; 0.8113; 0.8332; 0.8884; 0.9084; 0.8884; 0.9031; 0.8865; 0.881; 0.865; 0.8692; 0.8933; 0.8902
1225,"Empirical and Econometric Methods; Computational, Data Science, and Machine Learning; Theoretical and Formal Modeling; Experimental Methods; Qualitative, Descriptive, and Mixed Methods",Panel Data and Fixed Effects; Difference-in-Differences (DiD) & Event Studies; Instrumental Variables (IV) & Shift-Share Designs; Regression Discontinuity Design (RDD); Structural & Advanced Econometrics; Natural Language Processing (NLP) & Text Analysis; Machine Learning Predictors & Regularization; Network & Spatial Analysis; Game Theory & Mechanism Design; Behavioral & Cognitive Modeling; Macroeconomic & Spatial Equilibrium; Field Experiments / RCTs; Laboratory & Online Experiments; Survey & Conjoint Experiments; Archival Research & Case Studies; Interviews; Literature Reviews & Aggregation,0.8898; 0.8397; 0.879; 0.8631; 0.8832,0.8925; 0.8673; 0.9161; 0.8897; 0.8702; 0.8499; 0.8439; 0.8514; 0.8465; 0.8596; 0.8663; 0.8663; 0.8364; 0.8381; 0.8776; 0.8642; 0.8865
1238,"Empirical and Econometric Methods; Computational, Data Science, and Machine Learning; Theoretical and Formal Modeling; Experimental Methods; Qualitative, Descriptive, and Mixed Methods",Panel Data and Fixed Effects; Difference-in-Differences (DiD) & Event Studies; Instrumental Variables (IV) & Shift-Share Designs; Regression Discontinuity Design (RDD); Structural & Advanced Econometrics; Natural Language Processing (NLP) & Text Analysis; Machine Learning Predictors & Regularization; Network & Spatial Analysis; Game Theory & Mechanism Design; Behavioral & Cognitive Modeling; Macroeconomic & Spatial Equilibrium; Field Experiments / RCTs; Laboratory & Online Experiments; Survey & Conjoint Experiments; Archival Research & Case Studies; Interviews; Literature Reviews & Aggregation,0.8818; 0.8938; 0.8994; 0.8766; 0.8647,0.869; 0.8681; 0.8743; 0.8747; 0.8774; 0.8787; 0.8864; 0.8675; 0.893; 0.9141; 0.877; 0.8703; 0.903; 0.8732; 0.8901; 0.8762; 0.8695
1241,"Empirical and Econometric Methods; Computational, Data Science, and Machine Learning; Theoretical and Formal Modeling; Experimental Methods; Qualitative, Descriptive, and Mixed Methods",Panel Data and Fixed Effects; Difference-in-Differences (DiD) & Event Studies; Instrumental Variables (IV) & Shift-Share Designs; Regression Discontinuity Design (RDD); Structural & Advanced Econometrics; Natural Language Processing (NLP) & Text Analysis; Machine Learning Predictors & Regularization; Network & Spatial Analysis; Game Theory & Mechanism Design; Behavioral & Cognitive Modeling; Macroeconomic & Spatial Equilibrium; Field Experiments / RCTs; Laboratory & Online Experiments; Survey & Conjoint Experiments; Archival Research & Case Studies; Interviews; Literature Reviews & Aggregation,0.8702; 0.8403; 0.8367; 0.8542; 0.8399,0.8708; 0.8468; 0.8493; 0.847; 0.859; 0.8836; 0.8353; 0.7917; 0.8502; 0.8427; 0.8206; 0.8452; 0.8534; 0.8665; 0.868; 0.8855; 0.8607
1249,"Empirical and Econometric Methods; Computational, Data Science, and Machine Learning; Theoretical and Formal Modeling; Experimental Methods; Qualitative, Descriptive, and Mixed Methods",Panel Data and Fixed Effects; Difference-in-Differences (DiD) & Event Studies; Instrumental Variables (IV) & Shift-Share Designs; Regression Discontinuity Design (RDD); Structural & Advanced Econometrics; Natural Language Processing (NLP) & Text Analysis; Machine Learning Predictors & Regularization; Network & Spatial Analysis; Game Theory & Mechanism Design; Behavioral & Cognitive Modeling; Macroeconomic & Spatial Equilibrium; Field Experiments / RCTs; Laboratory & Online Experiments; Survey & Conjoint Experiments; Archival Research & Case Studies; Interviews; Literature Reviews & Aggregation,0.8858; 0.8209; 0.867; 0.8708; 0.8718,0.8833; 0.8717; 0.8519; 0.8662; 0.8857; 0.8203; 0.8454; 0.8384; 0.8773; 0.8582; 0.843; 0.8737; 0.8766; 0.8692; 0.882; 0.9019; 0.8766
1266,"Empirical and Econometric Methods; Computational, Data Science, and Machine Learning; Theoretical and Formal Modeling; Experimental Methods; Qualitative, Descriptive, and Mixed Methods",Panel Data and Fixed Effects; Difference-in-Differences (DiD) & Event Studies; Instrumental Variables (IV) & Shift-Share Designs; Regression Discontinuity Design (RDD); Structural & Advanced Econometrics; Natural Language Processing (NLP) & Text Analysis; Machine Learning Predictors & Regularization; Network & Spatial Analysis; Game Theory & Mechanism Design; Behavioral & Cognitive Modeling; Macroeconomic & Spatial Equilibrium; Field Experiments / RCTs; Laboratory & Online Experiments; Survey & Conjoint Experiments; Archival Research & Case Studies; Interviews; Literature Reviews & Aggregation,0.8965; 0.8305; 0.8776; 0.857; 0.8652,0.8815; 0.8685; 0.8723; 0.924; 0.8576; 0.8303; 0.8367; 0.8688; 0.8481; 0.8593; 0.8604; 0.8697; 0.8394; 0.8466; 0.8747; 0.8699; 0.8652
1286,"Empirical and Econometric Methods; Computational, Data Science, and Machine Learning; Theoretical and Formal Modeling; Experimental Methods; Qualitative, Descriptive, and Mixed Methods",Panel Data and Fixed Effects; Difference-in-Differences (DiD) & Event Studies; Instrumental Variables (IV) & Shift-Share Designs; Regression Discontinuity Design (RDD); Structural & Advanced Econometrics; Natural Language Processing (NLP) & Text Analysis; Machine Learning Predictors & Regularization; Network & Spatial Analysis; Game Theory & Mechanism Design; Behavioral & Cognitive Modeling; Macroeconomic & Spatial Equilibrium; Field Experiments / RCTs; Laboratory & Online Experiments; Survey & Conjoint Experiments; Archival Research & Case Studies; Interviews; Literature Reviews & Aggregation,0.856; 0.7983; 0.8767; 0.8528; 0.8227,0.848; 0.8392; 0.822; 0.8536; 0.8555; 0.7765; 0.8132; 0.8258; 0.8846; 0.8659; 0.865; 0.8418; 0.8724; 0.8518; 0.8232; 0.8378; 0.8149
1304,"Empirical and Econometric Methods; Computational, Data Science, and Machine Learning; Theoretical and Formal Modeling; Experimental Methods; Qualitative, Descriptive, and Mixed Methods",Panel Data and Fixed Effects; Difference-in-Differences (DiD) & Event Studies; Instrumental Variables (IV) & Shift-Share Designs; Regression Discontinuity Design (RDD); Structural & Advanced Econometrics; Natural Language Processing (NLP) & Text Analysis; Machine Learning Predictors & Regularization; Network & Spatial Analysis; Game Theory & Mechanism Design; Behavioral & Cognitive Modeling; Macroeconomic & Spatial Equilibrium; Field Experiments / RCTs; Laboratory & Online Experiments; Survey & Conjoint Experiments; Archival Research & Case Studies; Interviews; Literature Reviews & Aggregation,0.8615; 0.9338; 0.8954; 0.8516; 0.862,0.8648; 0.8713; 0.8768; 0.8803; 0.8741; 0.8589; 0.8855; 0.9254; 0.8974; 0.8671; 0.8969; 0.8581; 0.8817; 0.8556; 0.8928; 0.8829; 0.8872
1318,"Empirical and Econometric Methods; Computational, Data Science, and Machine Learning; Theoretical and Formal Modeling; Experimental Methods; Qualitative, Descriptive, and Mixed Methods",Panel Data and Fixed Effects; Difference-in-Differences (DiD) & Event Studies; Instrumental Variables (IV) & Shift-Share Designs; Regression Discontinuity Design (RDD); Structural & Advanced Econometrics; Natural Language Processing (NLP) & Text Analysis; Machine Learning Predictors & Regularization; Network & Spatial Analysis; Game Theory & Mechanism Design; Behavioral & Cognitive Modeling; Macroeconomic & Spatial Equilibrium; Field Experiments / RCTs; Laboratory & Online Experiments; Survey & Conjoint Experiments; Archival Research & Case Studies; Interviews; Literature Reviews & Aggregation,0.9188; 0.9024; 0.8791; 0.8848; 0.8927,0.9193; 0.9085; 0.8912; 0.9337; 0.8956; 0.9099; 0.8762; 0.8534; 0.8729; 0.8713; 0.8603; 0.8918; 0.8554; 0.8765; 0.8999; 0.8985; 0.902
1321,"Empirical and Econometric Methods; Computational, Data Science, and Machine Learning; Theoretical and Formal Modeling; Experimental Methods; Qualitative, Descriptive, and Mixed Methods",Panel Data and Fixed Effects; Difference-in-Differences (DiD) & Event Studies; Instrumental Variables (IV) & Shift-Share Designs; Regression Discontinuity Design (RDD); Structural & Advanced Econometrics; Natural Language Processing (NLP) & Text Analysis; Machine Learning Predictors & Regularization; Network & Spatial Analysis; Game Theory & Mechanism Design; Behavioral & Cognitive Modeling; Macroeconomic & Spatial Equilibrium; Field Experiments / RCTs; Laboratory & Online Experiments; Survey & Conjoint Experiments; Archival Research & Case Studies; Interviews; Literature Reviews & Aggregation,0.889; 0.8529; 0.9032; 0.8686; 0.8795,0.8473; 0.8694; 0.8592; 0.8776; 0.8676; 0.8329; 0.8246; 0.8649; 0.9025; 0.8819; 0.8913; 0.8676; 0.879; 0.8679; 0.8678; 0.8696; 0.8585
1339,"Empirical and Econometric Methods; Computational, Data Science, and Machine Learning; Theoretical and Formal Modeling; Experimental Methods; Qualitative, Descriptive, and Mixed Methods",Panel Data and Fixed Effects; Difference-in-Differences (DiD) & Event Studies; Instrumental Variables (IV) & Shift-Share Designs; Regression Discontinuity Design (RDD); Structural & Advanced Econometrics; Natural Language Processing (NLP) & Text Analysis; Machine Learning Predictors & Regularization; Network & Spatial Analysis; Game Theory & Mechanism Design; Behavioral & Cognitive Modeling; Macroeconomic & Spatial Equilibrium; Field Experiments / RCTs; Laboratory & Online Experiments; Survey & Conjoint Experiments; Archival Research & Case Studies; Interviews; Literature Reviews & Aggregation,0.8853; 0.8326; 0.8784; 0.8796; 0.8763,0.8678; 0.8636; 0.8588; 0.8797; 0.8786; 0.8182; 0.8295; 0.8564; 0.9032; 0.8936; 0.8729; 0.8738; 0.8979; 0.8824; 0.8744; 0.8715; 0.8604
1349,"Empirical and Econometric Methods; Computational, Data Science, and Machine Learning; Theoretical and Formal Modeling; Experimental Methods; Qualitative, Descriptive, and Mixed Methods",Panel Data and Fixed Effects; Difference-in-Differences (DiD) & Event Studies; Instrumental Variables (IV) & Shift-Share Designs; Regression Discontinuity Design (RDD); Structural & Advanced Econometrics; Natural Language Processing (NLP) & Text Analysis; Machine Learning Predictors & Regularization; Network & Spatial Analysis; Game Theory & Mechanism Design; Behavioral & Cognitive Modeling; Macroeconomic & Spatial Equilibrium; Field Experiments / RCTs; Laboratory & Online Experiments; Survey & Conjoint Experiments; Archival Research & Case Studies; Interviews; Literature Reviews & Aggregation,0.8625; 0.8214; 0.8959; 0.8689; 0.8274,0.8465; 0.8482; 0.8515; 0.8632; 0.8728; 0.7853; 0.8244; 0.8663; 0.8777; 0.8871; 0.8656; 0.8566; 0.8923; 0.8677; 0.8346; 0.8594; 0.8484
1376,"Empirical and Econometric Methods; Computational, Data Science, and Machine Learning; Theoretical and Formal Modeling; Experimental Methods; Qualitative, Descriptive, and Mixed Methods",Panel Data and Fixed Effects; Difference-in-Differences (DiD) & Event Studies; Instrumental Variables (IV) & Shift-Share Designs; Regression Discontinuity Design (RDD); Structural & Advanced Econometrics; Natural Language Processing (NLP) & Text Analysis; Machine Learning Predictors & Regularization; Network & Spatial Analysis; Game Theory & Mechanism Design; Behavioral & Cognitive Modeling; Macroeconomic & Spatial Equilibrium; Field Experiments / RCTs; Laboratory & Online Experiments; Survey & Conjoint Experiments; Archival Research & Case Studies; Interviews; Literature Reviews & Aggregation,0.8877; 0.8776; 0.9132; 0.8901; 0.8643,0.8615; 0.8824; 0.8808; 0.8937; 0.8798; 0.8251; 0.856; 0.8734; 0.9148; 0.9252; 0.8899; 0.891; 0.9122; 0.8895; 0.8729; 0.888; 0.8646
1378,"Empirical and Econometric Methods; Computational, Data Science, and Machine Learning; Theoretical and Formal Modeling; Experimental Methods; Qualitative, Descriptive, and Mixed Methods",Panel Data and Fixed Effects; Difference-in-Differences (DiD) & Event Studies; Instrumental Variables (IV) & Shift-Share Designs; Regression Discontinuity Design (RDD); Structural & Advanced Econometrics; Natural Language Processing (NLP) & Text Analysis; Machine Learning Predictors & Regularization; Network & Spatial Analysis; Game Theory & Mechanism Design; Behavioral & Cognitive Modeling; Macroeconomic & Spatial Equilibrium; Field Experiments / RCTs; Laboratory & Online Experiments; Survey & Conjoint Experiments; Archival Research & Case Studies; Interviews; Literature Reviews & Aggregation,0.8518; 0.8853; 0.8999; 0.8599; 0.845,0.8462; 0.8438; 0.8562; 0.8837; 0.8478; 0.8277; 0.8409; 0.8994; 0.9022; 0.8843; 0.8853; 0.8536; 0.8975; 0.8545; 0.8598; 0.8716; 0.8661
1385,"Empirical and Econometric Methods; Computational, Data Science, and Machine Learning; Theoretical and Formal Modeling; Experimental Methods; Qualitative, Descriptive, and Mixed Methods",Panel Data and Fixed Effects; Difference-in-Differences (DiD) & Event Studies; Instrumental Variables (IV) & Shift-Share Designs; Regression Discontinuity Design (RDD); Structural & Advanced Econometrics; Natural Language Processing (NLP) & Text Analysis; Machine Learning Predictors & Regularization; Network & Spatial Analysis; Game Theory & Mechanism Design; Behavioral & Cognitive Modeling; Macroeconomic & Spatial Equilibrium; Field Experiments / RCTs; Laboratory & Online Experiments; Survey & Conjoint Experiments; Archival Research & Case Studies; Interviews; Literature Reviews & Aggregation,0.9268; 0.8629; 0.9204; 0.9334; 0.8942,0.8968; 0.9092; 0.908; 0.9154; 0.9072; 0.8384; 0.8755; 0.8865; 0.9194; 0.9257; 0.9195; 0.9203; 0.9276; 0.9161; 0.8757; 0.898; 0.8813
1419,"Empirical and Econometric Methods; Computational, Data Science, and Machine Learning; Theoretical and Formal Modeling; Experimental Methods; Qualitative, Descriptive, and Mixed Methods",Panel Data and Fixed Effects; Difference-in-Differences (DiD) & Event Studies; Instrumental Variables (IV) & Shift-Share Designs; Regression Discontinuity Design (RDD); Structural & Advanced Econometrics; Natural Language Processing (NLP) & Text Analysis; Machine Learning Predictors & Regularization; Network & Spatial Analysis; Game Theory & Mechanism Design; Behavioral & Cognitive Modeling; Macroeconomic & Spatial Equilibrium; Field Experiments / RCTs; Laboratory & Online Experiments; Survey & Conjoint Experiments; Archival Research & Case Studies; Interviews; Literature Reviews & Aggregation,0.9041; 0.8241; 0.856; 0.8672; 0.8887,0.9098; 0.9002; 0.8817; 0.8975; 0.8737; 0.8167; 0.8471; 0.8484; 0.8433; 0.8496; 0.8475; 0.8904; 0.84; 0.8349; 0.8939; 0.88; 0.8919
1438,"Empirical and Econometric Methods; Computational, Data Science, and Machine Learning; Theoretical and Formal Modeling; Experimental Methods; Qualitative, Descriptive, and Mixed Methods",Panel Data and Fixed Effects; Difference-in-Differences (DiD) & Event Studies; Instrumental Variables (IV) & Shift-Share Designs; Regression Discontinuity Design (RDD); Structural & Advanced Econometrics; Natural Language Processing (NLP) & Text Analysis; Machine Learning Predictors & Regularization; Network & Spatial Analysis; Game Theory & Mechanism Design; Behavioral & Cognitive Modeling; Macroeconomic & Spatial Equilibrium; Field Experiments / RCTs; Laboratory & Online Experiments; Survey & Conjoint Experiments; Archival Research & Case Studies; Interviews; Literature Reviews & Aggregation,0.8935; 0.8374; 0.8455; 0.8625; 0.8764,0.8941; 0.8795; 0.8657; 0.8805; 0.8736; 0.8324; 0.8506; 0.8335; 0.8274; 0.8426; 0.8515; 0.88; 0.8297; 0.863; 0.8682; 0.899; 0.8861
1442,"Empirical and Econometric Methods; Computational, Data Science, and Machine Learning; Theoretical and Formal Modeling; Experimental Methods; Qualitative, Descriptive, and Mixed Methods",Panel Data and Fixed Effects; Difference-in-Differences (DiD) & Event Studies; Instrumental Variables (IV) & Shift-Share Designs; Regression Discontinuity Design (RDD); Structural & Advanced Econometrics; Natural Language Processing (NLP) & Text Analysis; Machine Learning Predictors & Regularization; Network & Spatial Analysis; Game Theory & Mechanism Design; Behavioral & Cognitive Modeling; Macroeconomic & Spatial Equilibrium; Field Experiments / RCTs; Laboratory & Online Experiments; Survey & Conjoint Experiments; Archival Research & Case Studies; Interviews; Literature Reviews & Aggregation,0.8871; 0.8816; 0.8961; 0.871; 0.8797,0.8789; 0.8622; 0.8966; 0.8663; 0.891; 0.883; 0.87; 0.8573; 0.8721; 0.9037; 0.8679; 0.865; 0.8694; 0.8735; 0.8917; 0.884; 0.8942
1456,"Empirical and Econometric Methods; Computational, Data Science, and Machine Learning; Theoretical and Formal Modeling; Experimental Methods; Qualitative, Descriptive, and Mixed Methods",Panel Data and Fixed Effects; Difference-in-Differences (DiD) & Event Studies; Instrumental Variables (IV) & Shift-Share Designs; Regression Discontinuity Design (RDD); Structural & Advanced Econometrics; Natural Language Processing (NLP) & Text Analysis; Machine Learning Predictors & Regularization; Network & Spatial Analysis; Game Theory & Mechanism Design; Behavioral & Cognitive Modeling; Macroeconomic & Spatial Equilibrium; Field Experiments / RCTs; Laboratory & Online Experiments; Survey & Conjoint Experiments; Archival Research & Case Studies; Interviews; Literature Reviews & Aggregation,0.8837; 0.8662; 0.8601; 0.8857; 0.8543,0.8709; 0.8828; 0.8579; 0.8841; 0.8809; 0.8544; 0.8536; 0.8369; 0.8589; 0.8776; 0.8594; 0.8729; 0.8812; 0.8966; 0.8698; 0.8943; 0.8705
1462,"Empirical and Econometric Methods; Computational, Data Science, and Machine Learning; Theoretical and Formal Modeling; Experimental Methods; Qualitative, Descriptive, and Mixed Methods",Panel Data and Fixed Effects; Difference-in-Differences (DiD) & Event Studies; Instrumental Variables (IV) & Shift-Share Designs; Regression Discontinuity Design (RDD); Structural & Advanced Econometrics; Natural Language Processing (NLP) & Text Analysis; Machine Learning Predictors & Regularization; Network & Spatial Analysis; Game Theory & Mechanism Design; Behavioral & Cognitive Modeling; Macroeconomic & Spatial Equilibrium; Field Experiments / RCTs; Laboratory & Online Experiments; Survey & Conjoint Experiments; Archival Research & Case Studies; Interviews; Literature Reviews & Aggregation,0.8766; 0.8651; 0.93; 0.8875; 0.8519,0.8445; 0.8515; 0.8546; 0.8834; 0.8676; 0.8339; 0.856; 0.8868; 0.9245; 0.9157; 0.8939; 0.8607; 0.9313; 0.8902; 0.8603; 0.8851; 0.8577
1469,"Empirical and Econometric Methods; Computational, Data Science, and Machine Learning; Theoretical and Formal Modeling; Experimental Methods; Qualitative, Descriptive, and Mixed Methods",Panel Data and Fixed Effects; Difference-in-Differences (DiD) & Event Studies; Instrumental Variables (IV) & Shift-Share Designs; Regression Discontinuity Design (RDD); Structural & Advanced Econometrics; Natural Language Processing (NLP) & Text Analysis; Machine Learning Predictors & Regularization; Network & Spatial Analysis; Game Theory & Mechanism Design; Behavioral & Cognitive Modeling; Macroeconomic & Spatial Equilibrium; Field Experiments / RCTs; Laboratory & Online Experiments; Survey & Conjoint Experiments; Archival Research & Case Studies; Interviews; Literature Reviews & Aggregation,0.8739; 0.8223; 0.8923; 0.8731; 0.8688,0.8444; 0.8525; 0.8584; 0.8779; 0.8587; 0.7948; 0.8068; 0.8672; 0.9108; 0.8748; 0.8893; 0.8662; 0.8945; 0.8525; 0.8451; 0.8674; 0.8578
1482,"Empirical and Econometric Methods; Computational, Data Science, and Machine Learning; Theoretical and Formal Modeling; Experimental Methods; Qualitative, Descriptive, and Mixed Methods",Panel Data and Fixed Effects; Difference-in-Differences (DiD) & Event Studies; Instrumental Variables (IV) & Shift-Share Designs; Regression Discontinuity Design (RDD); Structural & Advanced Econometrics; Natural Language Processing (NLP) & Text Analysis; Machine Learning Predictors & Regularization; Network & Spatial Analysis; Game Theory & Mechanism Design; Behavioral & Cognitive Modeling; Macroeconomic & Spatial Equilibrium; Field Experiments / RCTs; Laboratory & Online Experiments; Survey & Conjoint Experiments; Archival Research & Case Studies; Interviews; Literature Reviews & Aggregation,0.9132; 0.8447; 0.8815; 0.889; 0.874,0.9375; 0.8889; 0.9383; 0.9141; 0.8941; 0.8375; 0.8735; 0.8687; 0.8466; 0.8693; 0.8672; 0.8904; 0.8515; 0.8659; 0.9036; 0.8928; 0.9053
1514,"Empirical and Econometric Methods; Computational, Data Science, and Machine Learning; Theoretical and Formal Modeling; Experimental Methods; Qualitative, Descriptive, and Mixed Methods",Panel Data and Fixed Effects; Difference-in-Differences (DiD) & Event Studies; Instrumental Variables (IV) & Shift-Share Designs; Regression Discontinuity Design (RDD); Structural & Advanced Econometrics; Natural Language Processing (NLP) & Text Analysis; Machine Learning Predictors & Regularization; Network & Spatial Analysis; Game Theory & Mechanism Design; Behavioral & Cognitive Modeling; Macroeconomic & Spatial Equilibrium; Field Experiments / RCTs; Laboratory & Online Experiments; Survey & Conjoint Experiments; Archival Research & Case Studies; Interviews; Literature Reviews & Aggregation,0.8918; 0.8417; 0.8952; 0.8782; 0.8489,0.8874; 0.8719; 0.8776; 0.8815; 0.9189; 0.8173; 0.846; 0.8647; 0.8725; 0.8937; 0.8819; 0.871; 0.8826; 0.9008; 0.8508; 0.8894; 0.8694
1528,"Empirical and Econometric Methods; Computational, Data Science, and Machine Learning; Theoretical and Formal Modeling; Experimental Methods; Qualitative, Descriptive, and Mixed Methods",Panel Data and Fixed Effects; Difference-in-Differences (DiD) & Event Studies; Instrumental Variables (IV) & Shift-Share Designs; Regression Discontinuity Design (RDD); Structural & Advanced Econometrics; Natural Language Processing (NLP) & Text Analysis; Machine Learning Predictors & Regularization; Network & Spatial Analysis; Game Theory & Mechanism Design; Behavioral & Cognitive Modeling; Macroeconomic & Spatial Equilibrium; Field Experiments / RCTs; Laboratory & Online Experiments; Survey & Conjoint Experiments; Archival Research & Case Studies; Interviews; Literature Reviews & Aggregation,0.8558; 0.8631; 0.8569; 0.853; 0.8365,0.853; 0.8404; 0.8611; 0.8536; 0.8543; 0.8957; 0.8829; 0.8249; 0.833; 0.8773; 0.8491; 0.8442; 0.858; 0.8792; 0.8608; 0.8577; 0.8711
1537,"Empirical and Econometric Methods; Computational, Data Science, and Machine Learning; Theoretical and Formal Modeling; Experimental Methods; Qualitative, Descriptive, and Mixed Methods",Panel Data and Fixed Effects; Difference-in-Differences (DiD) & Event Studies; Instrumental Variables (IV) & Shift-Share Designs; Regression Discontinuity Design (RDD); Structural & Advanced Econometrics; Natural Language Processing (NLP) & Text Analysis; Machine Learning Predictors & Regularization; Network & Spatial Analysis; Game Theory & Mechanism Design; Behavioral & Cognitive Modeling; Macroeconomic & Spatial Equilibrium; Field Experiments / RCTs; Laboratory & Online Experiments; Survey & Conjoint Experiments; Archival Research & Case Studies; Interviews; Literature Reviews & Aggregation,0.8981; 0.877; 0.8884; 0.8905; 0.8906,0.91; 0.8744; 0.8909; 0.866; 0.8953; 0.8447; 0.885; 0.8554; 0.868; 0.8646; 0.8601; 0.894; 0.865; 0.8587; 0.8976; 0.9255; 0.9076
1542,"Empirical and Econometric Methods; Computational, Data Science, and Machine Learning; Theoretical and Formal Modeling; Experimental Methods; Qualitative, Descriptive, and Mixed Methods",Panel Data and Fixed Effects; Difference-in-Differences (DiD) & Event Studies; Instrumental Variables (IV) & Shift-Share Designs; Regression Discontinuity Design (RDD); Structural & Advanced Econometrics; Natural Language Processing (NLP) & Text Analysis; Machine Learning Predictors & Regularization; Network & Spatial Analysis; Game Theory & Mechanism Design; Behavioral & Cognitive Modeling; Macroeconomic & Spatial Equilibrium; Field Experiments / RCTs; Laboratory & Online Experiments; Survey & Conjoint Experiments; Archival Research & Case Studies; Interviews; Literature Reviews & Aggregation,0.9013; 0.8739; 0.8997; 0.8612; 0.8817,0.8861; 0.8828; 0.9037; 0.9027; 0.8712; 0.8804; 0.8464; 0.8716; 0.8811; 0.8795; 0.9011; 0.8714; 0.8645; 0.8686; 0.8985; 0.8983; 0.8989
1545,"Empirical and Econometric Methods; Computational, Data Science, and Machine Learning; Theoretical and Formal Modeling; Experimental Methods; Qualitative, Descriptive, and Mixed Methods",Panel Data and Fixed Effects; Difference-in-Differences (DiD) & Event Studies; Instrumental Variables (IV) & Shift-Share Designs; Regression Discontinuity Design (RDD); Structural & Advanced Econometrics; Natural Language Processing (NLP) & Text Analysis; Machine Learning Predictors & Regularization; Network & Spatial Analysis; Game Theory & Mechanism Design; Behavioral & Cognitive Modeling; Macroeconomic & Spatial Equilibrium; Field Experiments / RCTs; Laboratory & Online Experiments; Survey & Conjoint Experiments; Archival Research & Case Studies; Interviews; Literature Reviews & Aggregation,0.8931; 0.9001; 0.8663; 0.8869; 0.867,0.8536; 0.8613; 0.8753; 0.8777; 0.8549; 0.9054; 0.8519; 0.8344; 0.8672; 0.8697; 0.8485; 0.8797; 0.8684; 0.888; 0.8645; 0.8903; 0.8845
1591,"Empirical and Econometric Methods; Computational, Data Science, and Machine Learning; Theoretical and Formal Modeling; Experimental Methods; Qualitative, Descriptive, and Mixed Methods",Panel Data and Fixed Effects; Difference-in-Differences (DiD) & Event Studies; Instrumental Variables (IV) & Shift-Share Designs; Regression Discontinuity Design (RDD); Structural & Advanced Econometrics; Natural Language Processing (NLP) & Text Analysis; Machine Learning Predictors & Regularization; Network & Spatial Analysis; Game Theory & Mechanism Design; Behavioral & Cognitive Modeling; Macroeconomic & Spatial Equilibrium; Field Experiments / RCTs; Laboratory & Online Experiments; Survey & Conjoint Experiments; Archival Research & Case Studies; Interviews; Literature Reviews & Aggregation,0.9144; 0.8754; 0.8873; 0.8869; 0.887,0.9257; 0.9019; 0.919; 0.9132; 0.8944; 0.8399; 0.8933; 0.9061; 0.8602; 0.8779; 0.8848; 0.8997; 0.8592; 0.8688; 0.9107; 0.9105; 0.91
1592,"Empirical and Econometric Methods; Computational, Data Science, and Machine Learning; Theoretical and Formal Modeling; Experimental Methods; Qualitative, Descriptive, and Mixed Methods",Panel Data and Fixed Effects; Difference-in-Differences (DiD) & Event Studies; Instrumental Variables (IV) & Shift-Share Designs; Regression Discontinuity Design (RDD); Structural & Advanced Econometrics; Natural Language Processing (NLP) & Text Analysis; Machine Learning Predictors & Regularization; Network & Spatial Analysis; Game Theory & Mechanism Design; Behavioral & Cognitive Modeling; Macroeconomic & Spatial Equilibrium; Field Experiments / RCTs; Laboratory & Online Experiments; Survey & Conjoint Experiments; Archival Research & Case Studies; Interviews; Literature Reviews & Aggregation,0.9285; 0.8228; 0.8699; 0.8728; 0.8816,0.9015; 0.8934; 0.8834; 0.9278; 0.8852; 0.8412; 0.8291; 0.8432; 0.8557; 0.8684; 0.8458; 0.8938; 0.8473; 0.8726; 0.8752; 0.8819; 0.8727
1600,"Empirical and Econometric Methods; Computational, Data Science, and Machine Learning; Theoretical and Formal Modeling; Experimental Methods; Qualitative, Descriptive, and Mixed Methods",Panel Data and Fixed Effects; Difference-in-Differences (DiD) & Event Studies; Instrumental Variables (IV) & Shift-Share Designs; Regression Discontinuity Design (RDD); Structural & Advanced Econometrics; Natural Language Processing (NLP) & Text Analysis; Machine Learning Predictors & Regularization; Network & Spatial Analysis; Game Theory & Mechanism Design; Behavioral & Cognitive Modeling; Macroeconomic & Spatial Equilibrium; Field Experiments / RCTs; Laboratory & Online Experiments; Survey & Conjoint Experiments; Archival Research & Case Studies; Interviews; Literature Reviews & Aggregation,0.877; 0.8014; 0.8405; 0.8651; 0.8419,0.8937; 0.8724; 0.8625; 0.8674; 0.8799; 0.8092; 0.8479; 0.8168; 0.833; 0.8496; 0.8521; 0.8545; 0.8328; 0.8451; 0.8472; 0.8644; 0.8646
1606,"Empirical and Econometric Methods; Computational, Data Science, and Machine Learning; Theoretical and Formal Modeling; Experimental Methods; Qualitative, Descriptive, and Mixed Methods",Panel Data and Fixed Effects; Difference-in-Differences (DiD) & Event Studies; Instrumental Variables (IV) & Shift-Share Designs; Regression Discontinuity Design (RDD); Structural & Advanced Econometrics; Natural Language Processing (NLP) & Text Analysis; Machine Learning Predictors & Regularization; Network & Spatial Analysis; Game Theory & Mechanism Design; Behavioral & Cognitive Modeling; Macroeconomic & Spatial Equilibrium; Field Experiments / RCTs; Laboratory & Online Experiments; Survey & Conjoint Experiments; Archival Research & Case Studies; Interviews; Literature Reviews & Aggregation,0.8904; 0.8352; 0.9102; 0.896; 0.8697,0.8827; 0.8808; 0.8791; 0.8828; 0.8835; 0.8032; 0.83; 0.8897; 0.8946; 0.9159; 0.8836; 0.8911; 0.9068; 0.8968; 0.8659; 0.8958; 0.8784
1609,"Empirical and Econometric Methods; Computational, Data Science, and Machine Learning; Theoretical and Formal Modeling; Experimental Methods; Qualitative, Descriptive, and Mixed Methods",Panel Data and Fixed Effects; Difference-in-Differences (DiD) & Event Studies; Instrumental Variables (IV) & Shift-Share Designs; Regression Discontinuity Design (RDD); Structural & Advanced Econometrics; Natural Language Processing (NLP) & Text Analysis; Machine Learning Predictors & Regularization; Network & Spatial Analysis; Game Theory & Mechanism Design; Behavioral & Cognitive Modeling; Macroeconomic & Spatial Equilibrium; Field Experiments / RCTs; Laboratory & Online Experiments; Survey & Conjoint Experiments; Archival Research & Case Studies; Interviews; Literature Reviews & Aggregation,0.8821; 0.8297; 0.9017; 0.9036; 0.8635,0.8843; 0.8613; 0.8902; 0.8727; 0.8765; 0.827; 0.838; 0.8492; 0.8689; 0.9019; 0.8802; 0.8838; 0.8957; 0.9185; 0.8518; 0.8967; 0.8639
1611,"Empirical and Econometric Methods; Computational, Data Science, and Machine Learning; Theoretical and Formal Modeling; Experimental Methods; Qualitative, Descriptive, and Mixed Methods",Panel Data and Fixed Effects; Difference-in-Differences (DiD) & Event Studies; Instrumental Variables (IV) & Shift-Share Designs; Regression Discontinuity Design (RDD); Structural & Advanced Econometrics; Natural Language Processing (NLP) & Text Analysis; Machine Learning Predictors & Regularization; Network & Spatial Analysis; Game Theory & Mechanism Design; Behavioral & Cognitive Modeling; Macroeconomic & Spatial Equilibrium; Field Experiments / RCTs; Laboratory & Online Experiments; Survey & Conjoint Experiments; Archival Research & Case Studies; Interviews; Literature Reviews & Aggregation,0.824; 0.8129; 0.8455; 0.8316; 0.8216,0.8322; 0.8237; 0.8439; 0.8231; 0.8386; 0.7822; 0.8276; 0.8239; 0.8519; 0.8494; 0.8769; 0.8245; 0.8513; 0.8229; 0.8159; 0.8187; 0.8152
1613,"Empirical and Econometric Methods; Computational, Data Science, and Machine Learning; Theoretical and Formal Modeling; Experimental Methods; Qualitative, Descriptive, and Mixed Methods",Panel Data and Fixed Effects; Difference-in-Differences (DiD) & Event Studies; Instrumental Variables (IV) & Shift-Share Designs; Regression Discontinuity Design (RDD); Structural & Advanced Econometrics; Natural Language Processing (NLP) & Text Analysis; Machine Learning Predictors & Regularization; Network & Spatial Analysis; Game Theory & Mechanism Design; Behavioral & Cognitive Modeling; Macroeconomic & Spatial Equilibrium; Field Experiments / RCTs; Laboratory & Online Experiments; Survey & Conjoint Experiments; Archival Research & Case Studies; Interviews; Literature Reviews & Aggregation,0.9162; 0.8734; 0.9226; 0.915; 0.9103,0.9045; 0.8951; 0.8987; 0.9003; 0.9122; 0.8547; 0.8697; 0.8901; 0.9128; 0.9163; 0.9043; 0.9058; 0.903; 0.9066; 0.9019; 0.9273; 0.9153
1617,"Empirical and Econometric Methods; Computational, Data Science, and Machine Learning; Theoretical and Formal Modeling; Experimental Methods; Qualitative, Descriptive, and Mixed Methods",Panel Data and Fixed Effects; Difference-in-Differences (DiD) & Event Studies; Instrumental Variables (IV) & Shift-Share Designs; Regression Discontinuity Design (RDD); Structural & Advanced Econometrics; Natural Language Processing (NLP) & Text Analysis; Machine Learning Predictors & Regularization; Network & Spatial Analysis; Game Theory & Mechanism Design; Behavioral & Cognitive Modeling; Macroeconomic & Spatial Equilibrium; Field Experiments / RCTs; Laboratory & Online Experiments; Survey & Conjoint Experiments; Archival Research & Case Studies; Interviews; Literature Reviews & Aggregation,0.8099; 0.8534; 0.8435; 0.8189; 0.8131,0.8384; 0.8317; 0.8493; 0.84; 0.8464; 0.8113; 0.8622; 0.8479; 0.8174; 0.8516; 0.8457; 0.8217; 0.8233; 0.8263; 0.844; 0.8262; 0.8369
1618,"Empirical and Econometric Methods; Computational, Data Science, and Machine Learning; Theoretical and Formal Modeling; Experimental Methods; Qualitative, Descriptive, and Mixed Methods",Panel Data and Fixed Effects; Difference-in-Differences (DiD) & Event Studies; Instrumental Variables (IV) & Shift-Share Designs; Regression Discontinuity Design (RDD); Structural & Advanced Econometrics; Natural Language Processing (NLP) & Text Analysis; Machine Learning Predictors & Regularization; Network & Spatial Analysis; Game Theory & Mechanism Design; Behavioral & Cognitive Modeling; Macroeconomic & Spatial Equilibrium; Field Experiments / RCTs; Laboratory & Online Experiments; Survey & Conjoint Experiments; Archival Research & Case Studies; Interviews; Literature Reviews & Aggregation,0.8284; 0.8626; 0.8637; 0.8168; 0.8177,0.8199; 0.8189; 0.8295; 0.8445; 0.8368; 0.7972; 0.8438; 0.8782; 0.8578; 0.8386; 0.8706; 0.8262; 0.839; 0.8233; 0.8269; 0.833; 0.8342
1626,"Empirical and Econometric Methods; Computational, Data Science, and Machine Learning; Theoretical and Formal Modeling; Experimental Methods; Qualitative, Descriptive, and Mixed Methods",Panel Data and Fixed Effects; Difference-in-Differences (DiD) & Event Studies; Instrumental Variables (IV) & Shift-Share Designs; Regression Discontinuity Design (RDD); Structural & Advanced Econometrics; Natural Language Processing (NLP) & Text Analysis; Machine Learning Predictors & Regularization; Network & Spatial Analysis; Game Theory & Mechanism Design; Behavioral & Cognitive Modeling; Macroeconomic & Spatial Equilibrium; Field Experiments / RCTs; Laboratory & Online Experiments; Survey & Conjoint Experiments; Archival Research & Case Studies; Interviews; Literature Reviews & Aggregation,0.9063; 0.8247; 0.8611; 0.8658; 0.9205,0.8612; 0.8743; 0.8656; 0.9026; 0.851; 0.8512; 0.8146; 0.8373; 0.8592; 0.8532; 0.8638; 0.8895; 0.8379; 0.8421; 0.8921; 0.8799; 0.8808
